﻿  <ExpName>平邮</ExpName><ExpCode>POST</ExpCode>
  <ExpName>经济快递</ExpName><ExpCode>EYB</ExpCode>
  <ExpName>E邮宝</ExpName><ExpCode>EYB</ExpCode>
  <ExpName>邮政国内</ExpName><ExpCode>POSTB</ExpCode>
  <ExpName>广东EMS</ExpName><ExpCode>GDEMS</ExpCode>
  <ExpName>EMS</ExpName><ExpCode>EMS</ExpCode>
  <ExpName>圆通</ExpName><ExpCode>YTO</ExpCode>
  <ExpName>中通</ExpName><ExpCode>ZTO</ExpCode>
  <ExpName>宅急送</ExpName><ExpCode>ZJS</ExpCode>
  <ExpName>韵达</ExpName><ExpCode>YUNDA</ExpCode>
  <ExpName>天天</ExpName><ExpCode>TTKDEX</ExpCode>
  <ExpName>联邦</ExpName><ExpCode>FEDEX</ExpCode>
  <ExpName>一邦</ExpName><ExpCode>EBON</ExpCode>
  <ExpName>星晨</ExpName><ExpCode>STARS</ExpCode>
  <ExpName>中铁</ExpName><ExpCode>CRE</ExpCode>
  <ExpName>德邦</ExpName><ExpCode>DBL</ExpCode>
  <ExpName>汇通</ExpName><ExpCode>HTKY</ExpCode>
  <ExpName>顺丰</ExpName><ExpCode>SF</ExpCode>
  <ExpName>亚风</ExpName><ExpCode>AIR</ExpCode>
  <ExpName>全一</ExpName><ExpCode>UAPEX</ExpCode>
  <ExpName>龙邦</ExpName><ExpCode>LB</ExpCode>
  <ExpName>长宇</ExpName><ExpCode>CYEXP</ExpCode>
  <ExpName>大田</ExpName><ExpCode>DTW</ExpCode>
  <ExpName>长发</ExpName><ExpCode>YUD</ExpCode>
  <ExpName>安得</ExpName><ExpCode>ANTO</ExpCode>
  <ExpName>国通</ExpName><ExpCode>GTO</ExpCode>
  <ExpName>申通</ExpName><ExpCode>STO</ExpCode>
  <ExpName>全峰</ExpName><ExpCode>QFKD</ExpCode>
  <ExpName>优速</ExpName><ExpCode>UC</ExpCode>
  <ExpName>东方汇</ExpName><ExpCode>DFH</ExpCode>
  <ExpName>首业</ExpName><ExpCode>SY</ExpCode>
  <ExpName>远长</ExpName><ExpCode>YC</ExpCode>
  <ExpName>发网</ExpName><ExpCode>UNIPS</ExpCode>
  <ExpName>飞远(爱彼西)配送</ExpName><ExpCode>HZABC</ExpCode>
  <ExpName>飞远配送</ExpName><ExpCode>GZLT</ExpCode>
  <ExpName>黑猫宅急便</ExpName><ExpCode>YCT</ExpCode>
  <ExpName>港中能达</ExpName><ExpCode>NEDA</ExpCode>
  <ExpName>快捷</ExpName><ExpCode>FAST</ExpCode>
  <ExpName>成都东骏</ExpName><ExpCode>SCKJ</ExpCode>
  <ExpName>佳吉</ExpName><ExpCode>CNEX</ExpCode>
  <ExpName>信丰</ExpName><ExpCode>XFWL</ExpCode>
  <ExpName>华强</ExpName><ExpCode>SHQ</ExpCode>
  <ExpName>天地华宇</ExpName><ExpCode>HOAU</ExpCode>
  <ExpName>新邦</ExpName><ExpCode>XB</ExpCode>
  <ExpName>全日通</ExpName><ExpCode>QRT</ExpCode>
  <ExpName>联昊通</ExpName><ExpCode>LTS</ExpCode>
  <ExpName>百世</ExpName><ExpCode>BEST</ExpCode>
  <ExpName>汇强</ExpName><ExpCode>ZHQKD</ExpCode>
  <ExpName>速尔</ExpName><ExpCode>SURE</ExpCode>
  <ExpName>飞康达速运</ExpName><ExpCode>BJFKD</ExpCode>
  <ExpName>城市100</ExpName><ExpCode>BJCS</ExpCode>
  <ExpName>凡宇</ExpName><ExpCode>GZFY</ExpCode>
  <ExpName>E速宝</ExpName><ExpCode>ESB</ExpCode>
  <ExpName>居无忧</ExpName><ExpCode>JWY</ExpCode>
  <ExpName>合众阳晟</ExpName><ExpCode>YS</ExpCode>
  <ExpName>贝业新兄弟</ExpName><ExpCode>BOYOL</ExpCode>
  <ExpName>优速快递</ExpName><ExpCode>UC</ExpCode>
  <ExpName>增益</ExpName><ExpCode>QRT</ExpCode>
